code,hold_id
TZ1090047,BENORD0006298254
HA6324025,BENORD0006298291
IN3850604,BENORD0006298957
KE3350134,BENORD0006299152
RW3220880,BENORD0006299162
PH2510122,BENORD0006299247
ID1390074,BENORD0006300065
UG4380159,BENORD0006300213
KE7590044,BENORD0006300465
GH3110029,BENORD0006301706
BD5160173,BENORD0006301796
BD4130216,BENORD0006302249
BF2030090,BENORD0006302330
BD5151018,BENORD0006302362
TZ9030168,BENORD0006302563
PE2090790,BENORD0006302604
ET3480174,BENORD0006302798
BR4730101,BENORD0006302823
IN2840232,BENORD0006302847
GU9140547,BENORD0006303122
IN9070017,BENORD0006304206
ET3100470,BENORD0006304900
GU9020643,BENORD0006305090
GU4760052,BENORD0006305268
BR4730174,BENORD0006305751
KE3260477,BENORD0006305823
EC1490333,BENORD0006306093
PE3930417,BENORD0006306221
ET8590161,BENORD0006306475
BD2151140,BENORD0006306517
BR5510001,BENORD0006306582
EI1500083,BENORD0006306731
GU4980093,BENORD0006306937
GU4680251,BENORD0006307065
BD2150303,BENORD0006307112
BD2151143,BENORD0006307115
BD2151142,BENORD0006307116
EI7370169,BENORD0006307522
GU9530721,BENORD0006307592
GU4190292,BENORD0006307876
ET1190682,BENORD0006308320
ET1680249,BENORD0006308351
PH1970358,BENORD0006308387
BR4730281,BENORD0006308665
BR4730297,BENORD0006308666
BR5430254,BENORD0006308775
PH2270409,BENORD0006308929
UG5810043,BENORD0006308945
PH2161237,BENORD0006309020
EC6120033,BENORD0006309271
ET3320234,BENORD0006309405
ET7100011,BENORD0006309758
HO2550220,BENORD0006309904
GU9560398,BENORD0006310028
PH9720099,BENORD0006310565
GH2010221,BENORD0006311227
EC5910390,BENORD0006311476
PH5500111,BENORD0006311502
EI2200050,BENORD0006312343
ES7610578,BENORD0006312353
TZ7080153,BENORD0006312514
ET2780016,BENORD0006312661
ET1710055,BENORD0006313038
PH8410583,BENORD0006313216
ET4800205,BENORD0006313254
RW3990015,BENORD0006313284
RW3990039,BENORD0006313285
ID1300305,BENORD0006313565
ID1300311,BENORD0006313567
ES9560026,BENORD0006313633
ES9560060,BENORD0006313651
TH9539350,BENORD0006313844
TG5150245,BENORD0006313860
IN1380368,BENORD0006313885
CO3740912,BENORD0006313915
UG7040751,BENORD0006314013
IN6290544,BENORD0006314210
IN5970486,BENORD0006314225
IN5970485,BENORD0006314226
IN5970484,BENORD0006314227
IN5970483,BENORD0006314228
IN5970487,BENORD0006314240
EC3800875,BENORD0006314334
EC3800876,BENORD0006314335
EC3800878,BENORD0006314336
ET5220460,BENORD0006314385
ME8170491,BENORD0006314418
KE4550286,BENORD0006314440
PH7110391,BENORD0006314529
EI4670154,BENORD0006314542
EI4670156,BENORD0006314544
EI4670157,BENORD0006314545
UG7220522,BENORD0006314607
EI4670162,BENORD0006314610
EI4670165,BENORD0006314613
EI4670168,BENORD0006314614
BF4710290,BENORD0006314683
EC3800877,BENORD0006314750
EC4411190,BENORD0006314763
EC5300244,BENORD0006314764
KE7750257,BENORD0006314792
EC1800799,BENORD0006314809
TZ9670274,BENORD0006314821
KE7740253,BENORD0006314834
ME9690196,BENORD0006314863
HA2684371,BENORD0006315098
KE7200907,BENORD0006315136
TG1070264,BENORD0006315164
TG1070282,BENORD0006315183
TG1070283,BENORD0006315184
TG1070284,BENORD0006315185
TG1070289,BENORD0006315186
TG1070291,BENORD0006315187
TG1070293,BENORD0006315188
TG1070294,BENORD0006315189
TG1070295,BENORD0006315191
TG1070298,BENORD0006315194
ME9680313,BENORD0006315267
CO7520237,BENORD0006315340
CO7520240,BENORD0006315341
IN1150235,BENORD0006315553
IN1150238,BENORD0006315556
IN1150239,BENORD0006315557
IN1150241,BENORD0006315558
IN1150242,BENORD0006315559
UG2220545,BENORD0006315561
IN1150243,BENORD0006315581
GH2210317,BENORD0006315740
GH2210321,BENORD0006315742
GU9020802,BENORD0006315816
GU9020804,BENORD0006315826
PH2390600,BENORD0006315888
ID2080802,BENORD0006316060
ID2080809,BENORD0006316062
GU4500255,BENORD0006316158
NI2840181,BENORD0006316291
NI2840182,BENORD0006316292
NI2840185,BENORD0006316294
NI2840186,BENORD0006316296
NI2840188,BENORD0006316298
NI2840190,BENORD0006316299
DR4340929,BENORD0006316439
DR4340933,BENORD0006316455
EC5340303,BENORD0006316459
DR4340936,BENORD0006316460
EC5340304,BENORD0006316461
UG2340413,BENORD0006316533
KE2530296,BENORD0006316547
KE2530282,BENORD0006316577
EC5340307,BENORD0006316598
EC5340309,BENORD0006316600
ET5870064,BENORD0006316644
ET5870216,BENORD0006316654
TG9200217,BENORD0006317083
TG9200219,BENORD0006317084
TG9200220,BENORD0006317086
TG9200221,BENORD0006317088
TG9200224,BENORD0006317132
TG9200222,BENORD0006317133
DR3670831,BENORD0006317343
DR3670832,BENORD0006317348
DR3670833,BENORD0006317349
DR3670834,BENORD0006317350
DR3670835,BENORD0006317352
DR3670837,BENORD0006317354
DR3670838,BENORD0006317355
DR3670839,BENORD0006317356
DR3670840,BENORD0006317359
DR3670841,BENORD0006317360
DR2930827,BENORD0006317420
HO7110194,BENORD0006318621
HO7110199,BENORD0006318622
LK6040287,BENORD0006318759
LK6040290,BENORD0006318762
IO1030326,BENORD0006319071
IO1030327,BENORD0006319072
IO1030330,BENORD0006319073
TZ1440222,BENORD0006319128
TZ1440218,BENORD0006319130
HA2713901,BENORD0006319319
HA2713905,BENORD0006319320
HA2713908,BENORD0006319321
BR4730328,BENORD0006319596
IO9470411,BENORD0006319616
BO4220707,BENORD0006319785
BO8120187,BENORD0006319834
BO8120192,BENORD0006319835
BO4560097,BENORD0006319968
IN9830262,BENORD0006319973
IN9830266,BENORD0006319974
IN9830270,BENORD0006319978
IN9830272,BENORD0006319980
IN9830274,BENORD0006319982
IN9830275,BENORD0006319983
IN9830276,BENORD0006319984
IN9830278,BENORD0006319985
IN9830279,BENORD0006319986
IN9830280,BENORD0006319987
BO4530270,BENORD0006320077
DR5331405,BENORD0006320098
KE2530286,BENORD0006320213
KE2530283,BENORD0006320218
TH3440128,BENORD0006320379
TH3440133,BENORD0006320383
TH3440137,BENORD0006320394
TH3440138,BENORD0006320395
BR5620046,BENORD0006320594
BR5620047,BENORD0006320595
BR5620051,BENORD0006320596
BR5620054,BENORD0006320597
BR5620055,BENORD0006320598
BR5620056,BENORD0006320599
BR5620057,BENORD0006320600
BO1811615,BENORD0006320771
ME9460390,BENORD0006320800
ME9460393,BENORD0006320801
ME9460394,BENORD0006320802
ME9460395,BENORD0006320803
ME9460396,BENORD0006320804
ME9460397,BENORD0006320805
ME9460398,BENORD0006320806
HA1595252,BENORD0006320834
HA1595254,BENORD0006320840
HA1595256,BENORD0006320911
HA1595257,BENORD0006320913
HA1595261,BENORD0006320916
HA1595263,BENORD0006320918
HA1595264,BENORD0006320920
HA1595268,BENORD0006320923
BF3550384,BENORD0006320932
BF3550386,BENORD0006320935
HO4090710,BENORD0006321222
HO4090718,BENORD0006321223
HO4090711,BENORD0006321224
HO4090712,BENORD0006321225
HO4090713,BENORD0006321227
HO4090714,BENORD0006321228
HO4090717,BENORD0006321229
BF4670267,BENORD0006321303
BF4670268,BENORD0006321305
NI3010122,BENORD0006321583
NI3010123,BENORD0006321585
NI3010124,BENORD0006321586
NI3010133,BENORD0006321594
HA8160352,BENORD0006321597
NI3010142,BENORD0006321618
NI3010143,BENORD0006321619
NI3010145,BENORD0006321623
PH6300311,BENORD0006321883
PH6300312,BENORD0006321887
PH6300313,BENORD0006321891
PH6300314,BENORD0006321893
GH2270321,BENORD0006321941
GH2270324,BENORD0006321946
GH2270327,BENORD0006321963
GU4490361,BENORD0006322027
PH6300317,BENORD0006322082
PH6300318,BENORD0006322084
ES9510266,BENORD0006322096
ES9510267,BENORD0006322097
IO8680927,BENORD0006322120
ES9510275,BENORD0006322242
GU4820255,BENORD0006322402
EC5300292,BENORD0006323309
EC5300293,BENORD0006323310
EC5300294,BENORD0006323311
EC5300295,BENORD0006323313
EC5300296,BENORD0006323317
EC5300298,BENORD0006323321
EC5300299,BENORD0006323323
TG8070330,BENORD0006323533
TG8070336,BENORD0006323540
ME9590370,BENORD0006323857
ME9590371,BENORD0006323858
ME9590372,BENORD0006323859
ME9590374,BENORD0006323860
ME9590376,BENORD0006324035
ME9590378,BENORD0006324036
TG8080287,BENORD0006324040
CO7760327,BENORD0006324228
CO7760328,BENORD0006324229
CO7760329,BENORD0006324230
CO7760330,BENORD0006324231
CO7760331,BENORD0006324232
CO7760332,BENORD0006324233
CO7760333,BENORD0006324234
CO7760335,BENORD0006324235
ID1150526,BENORD0006324377
ID1150529,BENORD0006324379
BR5090231,BENORD0006324532
BR5090243,BENORD0006324533
BR5090244,BENORD0006324534
BR5090248,BENORD0006324535
BR5090249,BENORD0006324536
BR5090250,BENORD0006324537
PE2670775,BENORD0006324666
PE2670776,BENORD0006324672
PE2670787,BENORD0006324749
ET1140600,BENORD0006324770
ET1140602,BENORD0006324774
ET1140607,BENORD0006324781
BO4480391,BENORD0006324973
BO4480392,BENORD0006324982
BO4480393,BENORD0006324993
BO4480394,BENORD0006325004
BO4480395,BENORD0006325058
BO4480396,BENORD0006325071
BO4480397,BENORD0006325091
BO4480398,BENORD0006325098
PE1400983,BENORD0006325110
PE1400984,BENORD0006325115
PE1400985,BENORD0006325117
PE1400986,BENORD0006325119
PE1400987,BENORD0006325122
PE1400989,BENORD0006325126
PE1400990,BENORD0006325127
PE1400998,BENORD0006325133
TG2140231,BENORD0006325365
TG2140232,BENORD0006325366
TG2140233,BENORD0006325367
TG2140234,BENORD0006325368
TG2140235,BENORD0006325370
TG2140236,BENORD0006325372
TG2140237,BENORD0006325373
TG2140238,BENORD0006325374
TG8090280,BENORD0006325579
PE1800860,BENORD0006325821
HO2550397,BENORD0006325914
HO2550398,BENORD0006325917
HO2550399,BENORD0006325920
HO2550400,BENORD0006325925
HO2550402,BENORD0006325933
HO2550403,BENORD0006325937
HO2550404,BENORD0006325943
HO2550405,BENORD0006325955
HO2550406,BENORD0006325959
PE1800859,BENORD0006326035
KE7200948,BENORD0006326158
TG6610284,BENORD0006326269
HA8120507,BENORD0006326425
HA8120509,BENORD0006326430
HA8120511,BENORD0006326433
HA8120512,BENORD0006326436
HA8120513,BENORD0006326438
HA8120514,BENORD0006326442
HA8120516,BENORD0006326446
ES8870425,BENORD0006326773
TH9810611,BENORD0006326801
TH9810612,BENORD0006326802
ES7920698,BENORD0006326984
GH2080344,BENORD0006327095
GH2080345,BENORD0006327096
GH2080346,BENORD0006327097
GH2080347,BENORD0006327103
GH2080348,BENORD0006327182
CO7780277,BENORD0006327231
CO7780278,BENORD0006327232
CO7780283,BENORD0006327233
CO7780285,BENORD0006327234
CO7780286,BENORD0006327235
ID2250618,BENORD0006327329
ID2250610,BENORD0006327336
NI1320613,BENORD0006327490
NI1320615,BENORD0006327493
NI1320616,BENORD0006327496
NI1320619,BENORD0006327504
NI1320621,BENORD0006327509
NI1320622,BENORD0006327511
NI1320623,BENORD0006327515
ID2250613,BENORD0006327546
ID2250612,BENORD0006327549
ID2250616,BENORD0006327579
ID2250615,BENORD0006327580
ID2250609,BENORD0006327587
ID2250614,BENORD0006327595
ID2250611,BENORD0006327603
BR5420241,BENORD0006327875
BR5500302,BENORD0006327935
UG6080888,BENORD0006328526
HA7990442,BENORD0006328872
HA7990448,BENORD0006328904
UG5960298,BENORD0006329016
UG8000810,BENORD0006329056
IO6470834,BENORD0006329588
IO6470835,BENORD0006329595
IO6470836,BENORD0006329598
IO6470837,BENORD0006329599
IO6470838,BENORD0006329601
IO6470839,BENORD0006329605
IO6470842,BENORD0006329608
IO6470843,BENORD0006329614
ES8960331,BENORD0006329811
ES8960346,BENORD0006329941
ES9600183,BENORD0006330004
TH9930157,BENORD0006330241
TH9930165,BENORD0006330250
TH9930149,BENORD0006330251
RW2550443,BENORD0006330407
RW2550439,BENORD0006330418
RW2550432,BENORD0006330467
UG2590270,BENORD0006330471
ES8960352,BENORD0006330595
ES9760139,BENORD0006330657
ES7870521,BENORD0006330702
IO9700424,BENORD0006330767
IO9700425,BENORD0006330771
IO9700431,BENORD0006330793
LK3060224,BENORD0006330837
LK3060225,BENORD0006330839
LK3060227,BENORD0006330846
LK3060228,BENORD0006330848
LK3060231,BENORD0006330851
LK3060232,BENORD0006330867
RW2550422,BENORD0006330912
RW2550423,BENORD0006330921
RW2550426,BENORD0006330934
BF4820277,BENORD0006330965
BF4820278,BENORD0006330970
BF4820279,BENORD0006330974
BF4820280,BENORD0006330977
BF4820281,BENORD0006330983
BF4820282,BENORD0006330985
BF4820283,BENORD0006330990
BF4820284,BENORD0006330992
BF4820285,BENORD0006330998
BF4820286,BENORD0006331006
ES9280227,BENORD0006331162
ES8880352,BENORD0006331198
ES8880357,BENORD0006331227
ES9730049,BENORD0006331427
UG2300408,BENORD0006331485
UG2300410,BENORD0006331487
ES9730144,BENORD0006331905
UG5400351,BENORD0006332016
HA7971016,BENORD0006332507
GH2080350,BENORD0006332866
TH9670534,BENORD0006333174
TH9670535,BENORD0006333180
TH9670536,BENORD0006333185
TH9670537,BENORD0006333188
TH9670538,BENORD0006333190
RW2520461,BENORD0006333454
RW2520453,BENORD0006333464
RW2520454,BENORD0006333467
RW2520455,BENORD0006333468
RW2520456,BENORD0006333472
RW2520457,BENORD0006333476
RW2520459,BENORD0006333692
RW2520460,BENORD0006333694
GH2080352,BENORD0006333774
GH2080353,BENORD0006333775
ET5840264,BENORD0006333885
ET5840263,BENORD0006333887
ET5840262,BENORD0006333891
ET5840261,BENORD0006333893
ET5840260,BENORD0006333896
ET5840259,BENORD0006333898
ET5840258,BENORD0006333903
ET5840255,BENORD0006333909
ET5840253,BENORD0006333917
PE1060836,BENORD0006333966
HA8090601,BENORD0006334280
DR1201364,BENORD0006334297
DR1201365,BENORD0006334305
DR1201366,BENORD0006334313
DR1201361,BENORD0006334317
DR1201370,BENORD0006334323
DR5331429,BENORD0006334498
DR5331438,BENORD0006334539
DR5331446,BENORD0006334612
TZ1010520,BENORD0006334759
TZ1010516,BENORD0006334761
TZ1010514,BENORD0006334764
GU4060563,BENORD0006334823
GU4060566,BENORD0006334825
GU4060569,BENORD0006334831
GU4060572,BENORD0006334841
GU4060576,BENORD0006334844
GU4060577,BENORD0006334846
DR5800852,BENORD0006334892
EC2770658,BENORD0006334975
EC2770659,BENORD0006334976
EC2770660,BENORD0006334979
EC2770661,BENORD0006334982
EC2770662,BENORD0006334983
TZ1010521,BENORD0006335094
EC2770663,BENORD0006335151
EC2770664,BENORD0006335152
EC2770665,BENORD0006335154
EC2770666,BENORD0006335156
EC2770667,BENORD0006335158
EC2770668,BENORD0006335162
EC2770669,BENORD0006335182
EC2770670,BENORD0006335194
EC2770671,BENORD0006335709
EC2770672,BENORD0006335787
EC2770673,BENORD0006335980
EC2770674,BENORD0006335983
EC2770675,BENORD0006335984
EC2770676,BENORD0006335987
EC2770677,BENORD0006335988
DR1201371,BENORD0006336523
HA7780611,BENORD0006336689
HA7780614,BENORD0006336693
HA7780659,BENORD0006336740
BO1321318,BENORD0006337097
BO1321319,BENORD0006337136
NI2680281,BENORD0006337158
NI2680283,BENORD0006337184
NI2680285,BENORD0006337194
NI2680286,BENORD0006337196
PE3920454,BENORD0006337222
PE3920455,BENORD0006337230
PE3920456,BENORD0006337246
PE3920457,BENORD0006337275
PE3920458,BENORD0006337276
PE3920459,BENORD0006337277
PE3920460,BENORD0006337278
PE3920461,BENORD0006337280
PE3920462,BENORD0006337281
PE3920463,BENORD0006337282
BO1321322,BENORD0006337436
BO1321323,BENORD0006337444
BO1321325,BENORD0006337507
BO1321326,BENORD0006337514
EC4411388,BENORD0006338147
EC4411389,BENORD0006338157
EC4411390,BENORD0006338169
EC4411391,BENORD0006338173
EC4411392,BENORD0006338176
EC4411393,BENORD0006338180
EC4411394,BENORD0006338183
EC4411395,BENORD0006338186
EC4411396,BENORD0006338191
EC4411397,BENORD0006338193
TH2060635,BENORD0006338345
TH2060636,BENORD0006338349
TH2060642,BENORD0006338356
DR5600880,BENORD0006338490
DR5600873,BENORD0006338518
ES7420745,BENORD0006339004
ES7420746,BENORD0006339013
ES7420747,BENORD0006339015
ES7420748,BENORD0006339020
ES7420749,BENORD0006339023
ES7420750,BENORD0006339026
ES7420751,BENORD0006339030
ES7420753,BENORD0006339038
ES7420755,BENORD0006339042
BF5090308,BENORD0006339382
BF5090323,BENORD0006339403
KE2500233,BENORD0006339418
KE2500235,BENORD0006339421
KE2500236,BENORD0006339423
KE2500237,BENORD0006339426
KE2500228,BENORD0006339434
KE2500230,BENORD0006339437
KE2500231,BENORD0006339438
KE2500232,BENORD0006339439
BF6810345,BENORD0006339496
BF2510418,BENORD0006339519
BR4730318,BENORD0006340301
BR4730322,BENORD0006340303
BR4730330,BENORD0006340304
BR4730334,BENORD0006340305
BR4730336,BENORD0006340306
BR4730337,BENORD0006340307
BR4730344,BENORD0006340309
BF3090359,BENORD0006341140
BF1550422,BENORD0006341148
BF3090365,BENORD0006341155
BR4730317,BENORD0006341333
BR4730325,BENORD0006341334
BR4730329,BENORD0006341335
BR4730332,BENORD0006341336
BR4730335,BENORD0006341337
BF3050385,BENORD0006341348
BF1600367,BENORD0006341374
ME9590379,BENORD0006341471
BF1480310,BENORD0006341824
BF3140272,BENORD0006341843
TH2060638,BENORD0006341920
BF3050393,BENORD0006342245
BF6190252,BENORD0006342272
BF6190229,BENORD0006342292
BF6190268,BENORD0006342558
BF6210281,BENORD0006342573
PE3571270,BENORD0006342772
PE3571274,BENORD0006342776
PE3571273,BENORD0006342789
RW4800074,BENORD0006342907
PE3571268,BENORD0006343047
PE3571272,BENORD0006343057
PE3571267,BENORD0006343070
PE3571266,BENORD0006343075
PE3571262,BENORD0006343078
PE3571269,BENORD0006343084
BF6190203,BENORD0006343304
BF6190118,BENORD0006343307
BF6190117,BENORD0006343309
BF6190108,BENORD0006343313
BF6190049,BENORD0006343317
BF6190086,BENORD0006343318
CO5570632,BENORD0006343673
CO5570636,BENORD0006343674
CO5570637,BENORD0006343675
CO5570639,BENORD0006343676
PE1800931,BENORD0006344970
PE1800928,BENORD0006344971
PE1800930,BENORD0006344973
RW7470108,BENORD0006345510
RW7450005,BENORD0006345659
RW7450022,BENORD0006345709
RW7450025,BENORD0006345717
PE1800932,BENORD0006345737
PE1800934,BENORD0006345749
ME8140673,BENORD0006345865
ME8140674,BENORD0006345866
ME8140675,BENORD0006345867
ME8140676,BENORD0006345868
ME8140677,BENORD0006345869
ME8140678,BENORD0006345870
RW7450044,BENORD0006345895
RW7470028,BENORD0006345915
RW7470043,BENORD0006345969
RW7470066,BENORD0006346055
ME8140679,BENORD0006346223
ME8140680,BENORD0006346239
ME8140681,BENORD0006346243
ME8140682,BENORD0006346248
RW7470094,BENORD0006346369
RW7450168,BENORD0006346407
PE1800936,BENORD0006347349
PE1800937,BENORD0006347350
PE1800939,BENORD0006347351
BO2870766,BENORD0006347531
BR1831824,BENORD0006347831
BR1831825,BENORD0006347834
BR1831826,BENORD0006347840
BO2870778,BENORD0006348043
KE2140976,BENORD0006348146
BR1831827,BENORD0006348285
BR1831828,BENORD0006348290
TG5250181,BENORD0006348369
TG5250182,BENORD0006348370
BR1831829,BENORD0006348400
BR1831832,BENORD0006348402
BR1831834,BENORD0006348405
BR1831836,BENORD0006348408
TG5250179,BENORD0006349090
TG5250178,BENORD0006349093
TG5250180,BENORD0006349094
ID2290567,BENORD0006349351
LK4070228,BENORD0006349450
LK4070235,BENORD0006349451
LK4070236,BENORD0006349452
LK4070230,BENORD0006349454
LK4070237,BENORD0006349456
LK4070231,BENORD0006349459
LK4070232,BENORD0006349460
LK4070234,BENORD0006349461
LK4070233,BENORD0006349463
NI2220580,BENORD0006349482
ID3030235,BENORD0006349489
TZ4000530,BENORD0006349545
ID1410315,BENORD0006349601
ID3050256,BENORD0006349609
ID3040482,BENORD0006349646
HO3470596,BENORD0006350379
HO3470597,BENORD0006350380
HO3470598,BENORD0006350381
HO3470603,BENORD0006350382
ID6130162,BENORD0006350394
HO3470599,BENORD0006350484
HO3470600,BENORD0006350485
HO3470601,BENORD0006350488
HO3470602,BENORD0006350491
HO3470604,BENORD0006350495
HO3470605,BENORD0006350498
BO2870785,BENORD0006350780
BO2870790,BENORD0006350785
BO2870791,BENORD0006350786
BO2870792,BENORD0006350787
TH2760892,BENORD0006350875
GU8191286,BENORD0006350965
GU8191287,BENORD0006350966
GU8191289,BENORD0006350968
GU8191290,BENORD0006350969
GU8191291,BENORD0006350970
GU8191292,BENORD0006350971
GU8191293,BENORD0006350973
GU8191294,BENORD0006350974
GU8191295,BENORD0006350977
TZ4000534,BENORD0006351536
TZ4000535,BENORD0006351539
TZ4000536,BENORD0006351550
TZ4000538,BENORD0006351870
TZ4000539,BENORD0006351873
GU8591139,BENORD0006351960
UG5760298,BENORD0006352198
UG5760300,BENORD0006352258
UG5760303,BENORD0006352264
UG5760319,BENORD0006352328
UG9280302,BENORD0006352404
UG9280319,BENORD0006352407
UG9280322,BENORD0006352409
UG4530287,BENORD0006352640
GH2000372,BENORD0006352656
GH2000373,BENORD0006352658
GH2000375,BENORD0006352659
GH2000376,BENORD0006352664
BR4730348,BENORD0006352692
BR4730349,BENORD0006352693
BR4730350,BENORD0006352694
RW3520526,BENORD0006352762
RW3520527,BENORD0006352765
UG6100718,BENORD0006352766
RW3520528,BENORD0006352767
UG6100719,BENORD0006352768
RW3520529,BENORD0006352770
UG6100723,BENORD0006352774
UG6100726,BENORD0006352779
UG6100721,BENORD0006352912
UG6100724,BENORD0006352920
UG6100725,BENORD0006352925
UG6100727,BENORD0006352927
RW3520532,BENORD0006352931
GH2000374,BENORD0006352969
KE7200958,BENORD0006353430
KE7200959,BENORD0006353433
KE7200961,BENORD0006353449
UG2590272,BENORD0006353458
KE7200962,BENORD0006353459
KE7200963,BENORD0006353466
KE7200964,BENORD0006353468
KE7200965,BENORD0006353471
ET5890007,BENORD0006353604
UG4390353,BENORD0006353660
ET5890060,BENORD0006353764
ET5890063,BENORD0006353775
ET5890065,BENORD0006353785
ID1350382,BENORD0006354266
ID1350383,BENORD0006354269
ID1350387,BENORD0006354278
ID1350388,BENORD0006354299
ID1350389,BENORD0006354300
ID1350391,BENORD0006354301
PH2270762,BENORD0006354321
ET5890082,BENORD0006354418
ET5890083,BENORD0006354420
ET5890084,BENORD0006354423
BF1180363,BENORD0006354428
BF1180364,BENORD0006354431
BF1180365,BENORD0006354432
BF1180366,BENORD0006354433
BF1180367,BENORD0006354435
BF1180368,BENORD0006354436
BF1180369,BENORD0006354437
BF1180370,BENORD0006354438
BF1180371,BENORD0006354439
BF1180372,BENORD0006354440
HA1283942,BENORD0006354441
HA1283943,BENORD0006354442
HA1283944,BENORD0006354443
HA1283946,BENORD0006354445
HA1283947,BENORD0006354446
HA1283948,BENORD0006354447
HA1283949,BENORD0006354448
HA1283952,BENORD0006354449
HA1283951,BENORD0006354450
PH2270765,BENORD0006354515
PH2270767,BENORD0006354521
PH2270771,BENORD0006354530
ET5890077,BENORD0006354535
ET5890069,BENORD0006354566
ET3880017,BENORD0006354753
KE2150732,BENORD0006355025
KE2150733,BENORD0006355028
KE2150737,BENORD0006355042
DR2011089,BENORD0006355569
DR2011090,BENORD0006355574
DR2011091,BENORD0006355576
DR2011092,BENORD0006355579
DR2011093,BENORD0006355581
GU4070547,BENORD0006356328
GU4070548,BENORD0006356329
GU4070549,BENORD0006356330
GU4070550,BENORD0006356331
GU4070552,BENORD0006356332
GU4070553,BENORD0006356333
GU4070554,BENORD0006356334
GU4070555,BENORD0006356335
ME1250240,BENORD0006356340
ME1250241,BENORD0006356495
ME1250242,BENORD0006356497
ME1250243,BENORD0006356498
ME1250244,BENORD0006356905
TH2760899,BENORD0006356984
TH2760900,BENORD0006356991
TH2760901,BENORD0006357000
TH2760902,BENORD0006357008
TH2760903,BENORD0006357010
TH2760904,BENORD0006357025
TH2760905,BENORD0006357027
TH2760906,BENORD0006357045
TH2760907,BENORD0006357064
ES7150764,BENORD0006357192
ES7150765,BENORD0006357221
ES7150766,BENORD0006357222
ES7150767,BENORD0006357226
ES7150769,BENORD0006357262
ES7150770,BENORD0006357263
ES7150771,BENORD0006357264
ES7150772,BENORD0006357267
ES7150773,BENORD0006357269
IO1130399,BENORD0006357339
IO1130400,BENORD0006357342
IO1130401,BENORD0006357343
IO1130402,BENORD0006357347
IO1130403,BENORD0006357350
IO1130404,BENORD0006357351
IO1130405,BENORD0006357353
IO1130406,BENORD0006357356
IO1130407,BENORD0006357358
IO1130408,BENORD0006357361
KE4200942,BENORD0006357530
KE4200944,BENORD0006357537
KE4200943,BENORD0006357542
TZ1210410,BENORD0006357577
TZ1210412,BENORD0006357580
TZ1210413,BENORD0006357584
TZ1210414,BENORD0006357588
TZ1210415,BENORD0006357595
TZ1210417,BENORD0006357604
TZ1210418,BENORD0006357606
TZ1210419,BENORD0006357609
TZ1210420,BENORD0006357613
TZ8400154,BENORD0006357743
TZ8400151,BENORD0006357746
ES7150768,BENORD0006358213
BF2030324,BENORD0006358494
BF2030325,BENORD0006358498
BF2030326,BENORD0006358503
BF2030328,BENORD0006358510
BF2030329,BENORD0006358513
BF2030330,BENORD0006358515
BF2030331,BENORD0006358519
BF2030332,BENORD0006358523
BF2030333,BENORD0006358525
BF2030334,BENORD0006358526
GU8591144,BENORD0006358697
GU8591141,BENORD0006358702
GU8591142,BENORD0006358714
GU8591143,BENORD0006358738
BO2870814,BENORD0006358829
BO2870815,BENORD0006358889
ID1000229,BENORD0006359161
ID1000230,BENORD0006359170
TZ8400079,BENORD0006359354
ID1000231,BENORD0006359422
ID1000232,BENORD0006359448
ID1000233,BENORD0006359455
BO2870816,BENORD0006359684
TZ8400052,BENORD0006359764
TZ2660067,BENORD0006360252
TZ6520051,BENORD0006360342
ES0070080,BENORD0006360452
NI1580830,BENORD0006360474
NI1580831,BENORD0006360475
NI1580832,BENORD0006360477
NI1580833,BENORD0006360479
NI1580834,BENORD0006360481
ES0070081,BENORD0006360482
ES0070082,BENORD0006360485
ES0070084,BENORD0006360488
ES0070085,BENORD0006360494
NI1580835,BENORD0006360495
NI1580836,BENORD0006360498
NI1580837,BENORD0006360499
NI1580838,BENORD0006360501
NI1580839,BENORD0006360503
ES0070087,BENORD0006360505
ES0070088,BENORD0006360509
ES0070089,BENORD0006360516
ES0070090,BENORD0006360521
ES0070091,BENORD0006360528
BO2870817,BENORD0006360603
TZ6520022,BENORD0006360742
TZ2660190,BENORD0006360791
TZ2660099,BENORD0006360862
TZ2660003,BENORD0006360865
TZ8070478,BENORD0006360866
TZ8070446,BENORD0006360945
TZ6520005,BENORD0006360976
HA8630300,BENORD0006361234
TH4120391,BENORD0006361270
TH4120394,BENORD0006361300
TH4120399,BENORD0006361322
TH4120400,BENORD0006361333
TH4120389,BENORD0006361424
TH4120390,BENORD0006361425
TZ8070455,BENORD0006361451
TZ2630056,BENORD0006361744
TH4120402,BENORD0006362400
TH4120401,BENORD0006362405
TZ2630030,BENORD0006362454
RW8440065,BENORD0006362483
TZ1210416,BENORD0006362546
BF1030451,BENORD0006362717
BF1030452,BENORD0006362730
BF1030453,BENORD0006362732
BF1030454,BENORD0006362737
BF1030455,BENORD0006362738
BF1030457,BENORD0006362752
BF1030458,BENORD0006362772
BF1030459,BENORD0006362782
BF1030461,BENORD0006362801
RW8460041,BENORD0006362851
RW8440230,BENORD0006362902
RW8460073,BENORD0006363074
RW8460092,BENORD0006363169
DR4910652,BENORD0006363335
DR4910643,BENORD0006363676
DR4910644,BENORD0006363678
DR4910645,BENORD0006363679
DR4910647,BENORD0006363680
DR4910648,BENORD0006363681
DR4910649,BENORD0006363682
DR4910650,BENORD0006363683
DR4910651,BENORD0006363684
TH4120396,BENORD0006363736
TH4120397,BENORD0006363738
TZ2630076,BENORD0006363808
UG5400408,BENORD0006365641
UG5400406,BENORD0006365709
UG5400404,BENORD0006365718
UG5400402,BENORD0006365722
UG5400409,BENORD0006365726
GH3060321,BENORD0006365743
GH3060322,BENORD0006365746
GH3060323,BENORD0006365748
UG5400407,BENORD0006365765
GH3060325,BENORD0006365792
GH3060324,BENORD0006365873
UG5400401,BENORD0006365877
UG5400405,BENORD0006365888
UG5400403,BENORD0006365891
RW1580347,BENORD0006366089
RW1580348,BENORD0006366090
RW1580349,BENORD0006366097
RW1580350,BENORD0006366098
RW1580352,BENORD0006366100
RW1580353,BENORD0006366101
RW1580354,BENORD0006366102
RW1580356,BENORD0006366104
RW1580357,BENORD0006366105
RW1580358,BENORD0006366111
HO2340424,BENORD0006366220
HO2340425,BENORD0006366221
HO2340426,BENORD0006366222
HO2340427,BENORD0006366223
HO2340428,BENORD0006366224
HO2340429,BENORD0006366225
BR3281566,BENORD0006366226
BR3281569,BENORD0006366227
BR3281572,BENORD0006366254
BR3281575,BENORD0006366266
BR3281571,BENORD0006366280
HO2430514,BENORD0006366766
HO2430515,BENORD0006366767
HO2430516,BENORD0006366768
HO2430517,BENORD0006366769
RW4890010,BENORD0006366833
RW4890009,BENORD0006366835
RW4890008,BENORD0006366836
RW4890007,BENORD0006366837
RW4890006,BENORD0006366838
RW4890005,BENORD0006366839
RW4890004,BENORD0006366841
RW4890003,BENORD0006366842
RW4890002,BENORD0006366843
RW4890001,BENORD0006366844
DR4910646,BENORD0006369698
IO1260392,BENORD0006369872
IO1260393,BENORD0006369873
IO1260394,BENORD0006369875
IO1260395,BENORD0006369877
IO1260397,BENORD0006369886
ET2860006,BENORD0006370008
PH0010003,BENORD0006370082
PH0010004,BENORD0006370083
PH0010005,BENORD0006370084
PH0010006,BENORD0006370085
PH0010007,BENORD0006370086
PH0010009,BENORD0006370094
PH0010010,BENORD0006370096
PH0010012,BENORD0006370099
PH0010013,BENORD0006370100
PH0010014,BENORD0006370101
ET2860012,BENORD0006370437
ET2860013,BENORD0006370447
ET2860036,BENORD0006370465
ET2860037,BENORD0006370466
CO2181325,BENORD0006370484
CO2181326,BENORD0006370485
CO2181327,BENORD0006370486
CO2181328,BENORD0006370487
CO2181329,BENORD0006370488
CO2181330,BENORD0006370489
CO2181332,BENORD0006370490
CO2181333,BENORD0006370491
CO2181331,BENORD0006370515
CO2181334,BENORD0006370517
HA1595089,BENORD0006370569
HA1595304,BENORD0006370594
